model_family	test_family	axis	fit_type	n_observations	n_subjects	term	estimate	std_error	test_statistic	p_value	fdr_bh
categorical_bmi_group_by_time	bmi_group_by_time	existing_four_module_candidate_pc1	mixedlm_random_intercept	150	30	C(bmi_group)[T.BMI>=18.5]:C(timepoint)[T.8]	0.5841219438573986	0.4576212983851023	1.2764308521450023	0.2018032558762275	0.7713770919958736
categorical_bmi_group_by_time	bmi_group_by_time	existing_four_module_candidate_pc1	mixedlm_random_intercept	150	30	C(bmi_group)[T.BMI>=18.5]:C(timepoint)[T.17]	0.4943665050891369	0.4576212983851022	1.0802961025496511	0.2800103447231296	0.7713770919958736
categorical_bmi_group_by_time	bmi_group_by_time	existing_four_module_candidate_pc1	mixedlm_random_intercept	150	30	C(bmi_group)[T.BMI>=18.5]:C(timepoint)[T.26]	0.3779148151123906	0.4576212983851023	0.8258243583635911	0.4089037343239945	0.7713770919958736
categorical_bmi_group_by_time	bmi_group_by_time	existing_four_module_candidate_pc1	mixedlm_random_intercept	150	30	C(bmi_group)[T.BMI>=18.5]:C(timepoint)[T.52]	0.1038968662579083	0.4576212983851023	0.2270367804657463	0.8203951421645885	0.8788125543077279
categorical_bmi_group_by_time	bmi_group_by_time	three_module_core_score_pc1	mixedlm_random_intercept	150	30	C(bmi_group)[T.BMI>=18.5]:C(timepoint)[T.8]	0.586240885453748	0.4497026245164738	1.3036189995201426	0.1923635193679528	0.7713770919958736
categorical_bmi_group_by_time	bmi_group_by_time	three_module_core_score_pc1	mixedlm_random_intercept	150	30	C(bmi_group)[T.BMI>=18.5]:C(timepoint)[T.17]	0.5091343390503179	0.4497026245164737	1.132157811170762	0.2575680935209725	0.7713770919958736
categorical_bmi_group_by_time	bmi_group_by_time	three_module_core_score_pc1	mixedlm_random_intercept	150	30	C(bmi_group)[T.BMI>=18.5]:C(timepoint)[T.26]	0.3422152194169437	0.4497026245164738	0.760981147897231	0.4466683275094752	0.7713770919958736
categorical_bmi_group_by_time	bmi_group_by_time	three_module_core_score_pc1	mixedlm_random_intercept	150	30	C(bmi_group)[T.BMI>=18.5]:C(timepoint)[T.52]	0.1087293637343738	0.4497026245164738	0.2417805852284742	0.8089501833968892	0.8788125543077279
categorical_bmi_group_by_time	bmi_group_by_time	three_module_core_unique_protein_pc1	mixedlm_random_intercept	150	30	C(bmi_group)[T.BMI>=18.5]:C(timepoint)[T.8]	0.8678630807460596	0.7575433029211516	1.1456283454681806	0.2519489636379127	0.7713770919958736
categorical_bmi_group_by_time	bmi_group_by_time	three_module_core_unique_protein_pc1	mixedlm_random_intercept	150	30	C(bmi_group)[T.BMI>=18.5]:C(timepoint)[T.17]	0.6745096325761466	0.7575433029211515	0.8903908594732209	0.3732560487076589	0.7713770919958736
categorical_bmi_group_by_time	bmi_group_by_time	three_module_core_unique_protein_pc1	mixedlm_random_intercept	150	30	C(bmi_group)[T.BMI>=18.5]:C(timepoint)[T.26]	0.5324861685429042	0.7575433029211518	0.7029118553217908	0.4821106824974209	0.7713770919958736
categorical_bmi_group_by_time	bmi_group_by_time	three_module_core_unique_protein_pc1	mixedlm_random_intercept	150	30	C(bmi_group)[T.BMI>=18.5]:C(timepoint)[T.52]	0.1685902742004781	0.7575433029211518	0.2225486959628309	0.8238867696634948	0.8788125543077279
categorical_bmi_group_by_time	bmi_group_by_time	core_plus_redox_unique_protein_pc1	mixedlm_random_intercept	150	30	C(bmi_group)[T.BMI>=18.5]:C(timepoint)[T.8]	0.7649130088688337	0.8568645465973018	0.8926883623629694	0.3720240842734695	0.7713770919958736
categorical_bmi_group_by_time	bmi_group_by_time	core_plus_redox_unique_protein_pc1	mixedlm_random_intercept	150	30	C(bmi_group)[T.BMI>=18.5]:C(timepoint)[T.17]	0.511169388717281	0.8568645465973018	0.5965579866119888	0.5508025284021363	0.801167314039471
categorical_bmi_group_by_time	bmi_group_by_time	core_plus_redox_unique_protein_pc1	mixedlm_random_intercept	150	30	C(bmi_group)[T.BMI>=18.5]:C(timepoint)[T.26]	0.2543409604366556	0.8568645465973018	0.296827499103178	0.7665982098717707	0.8788125543077279
categorical_bmi_group_by_time	bmi_group_by_time	core_plus_redox_unique_protein_pc1	mixedlm_random_intercept	150	30	C(bmi_group)[T.BMI>=18.5]:C(timepoint)[T.52]	0.1112416105980765	0.8568645465973017	0.1298240323278966	0.8967056487738069	0.8967056487738069
continuous_bmi_by_time	continuous_bmi_by_time	existing_four_module_candidate_pc1	mixedlm_random_intercept	150	30	bmi:C(timepoint)[T.8]	0.0755216071023417	0.0771936227042912	0.9783399775347428	0.3279062037622369	0.9164360574521274
continuous_bmi_by_time	continuous_bmi_by_time	existing_four_module_candidate_pc1	mixedlm_random_intercept	150	30	bmi:C(timepoint)[T.17]	0.0460185539947494	0.0771936227042912	0.5961445049811253	0.5510786950081333	0.9164360574521274
continuous_bmi_by_time	continuous_bmi_by_time	existing_four_module_candidate_pc1	mixedlm_random_intercept	150	30	bmi:C(timepoint)[T.26]	0.0153423545149853	0.0771936227042918	0.1987515804739189	0.8424570734396728	0.9164360574521274
continuous_bmi_by_time	continuous_bmi_by_time	existing_four_module_candidate_pc1	mixedlm_random_intercept	150	30	bmi:C(timepoint)[T.52]	-0.0408320730667196	0.0771936227042913	-0.5289565593149659	0.596835585148228	0.9164360574521274
continuous_bmi_by_time	continuous_bmi_by_time	three_module_core_score_pc1	mixedlm_random_intercept	150	30	bmi:C(timepoint)[T.8]	0.0737759880916527	0.0759069205431528	0.9719270333159064	0.3310868499138441	0.9164360574521274
continuous_bmi_by_time	continuous_bmi_by_time	three_module_core_score_pc1	mixedlm_random_intercept	150	30	bmi:C(timepoint)[T.17]	0.046208931179364	0.0759069205431529	0.6087578161347535	0.5426849782497523	0.9164360574521274
continuous_bmi_by_time	continuous_bmi_by_time	three_module_core_score_pc1	mixedlm_random_intercept	150	30	bmi:C(timepoint)[T.26]	0.0079644632202092	0.0759069205431531	0.104924072314084	0.9164360574521274	0.9164360574521274
continuous_bmi_by_time	continuous_bmi_by_time	three_module_core_score_pc1	mixedlm_random_intercept	150	30	bmi:C(timepoint)[T.52]	-0.0378061215153489	0.0759069205431523	-0.49805895489933	0.6184424893935194	0.9164360574521274
continuous_bmi_by_time	continuous_bmi_by_time	three_module_core_unique_protein_pc1	mixedlm_random_intercept	150	30	bmi:C(timepoint)[T.8]	0.113905328274898	0.1277544168613728	0.8915960095414746	0.3726095098113409	0.9164360574521274
continuous_bmi_by_time	continuous_bmi_by_time	three_module_core_unique_protein_pc1	mixedlm_random_intercept	150	30	bmi:C(timepoint)[T.17]	0.0641909416307864	0.1277544168613728	0.5024557522769681	0.6153469699019085	0.9164360574521274
continuous_bmi_by_time	continuous_bmi_by_time	three_module_core_unique_protein_pc1	mixedlm_random_intercept	150	30	bmi:C(timepoint)[T.26]	0.0304204976857172	0.1277544168613721	0.2381169937844643	0.8117903546326979	0.9164360574521274
continuous_bmi_by_time	continuous_bmi_by_time	three_module_core_unique_protein_pc1	mixedlm_random_intercept	150	30	bmi:C(timepoint)[T.52]	-0.0588304660588582	0.1277544168613725	-0.4604965331468397	0.6451598593631113	0.9164360574521274
continuous_bmi_by_time	continuous_bmi_by_time	core_plus_redox_unique_protein_pc1	mixedlm_random_intercept	150	30	bmi:C(timepoint)[T.8]	0.1080182156483003	0.144143389444182	0.7493802946137136	0.4536280244561481	0.9164360574521274
continuous_bmi_by_time	continuous_bmi_by_time	core_plus_redox_unique_protein_pc1	mixedlm_random_intercept	150	30	bmi:C(timepoint)[T.17]	0.0405077046030459	0.1441433894441829	0.2810236720479777	0.7786922434925461	0.9164360574521274
continuous_bmi_by_time	continuous_bmi_by_time	core_plus_redox_unique_protein_pc1	mixedlm_random_intercept	150	30	bmi:C(timepoint)[T.26]	-0.0240057267820963	0.1441433894441829	-0.1665406015125801	0.8677315338969239	0.9164360574521274
continuous_bmi_by_time	continuous_bmi_by_time	core_plus_redox_unique_protein_pc1	mixedlm_random_intercept	150	30	bmi:C(timepoint)[T.52]	-0.0819068764539479	0.1441433894441824	-0.5682319305087885	0.5698774926462007	0.9164360574521274
