module_id	module_label	model	n_observations	n_patients	term	estimate	std_error	p_value	model_status	q_value_BH_global
M01_curated_inflammatory_acute_phase	Curated inflammatory and acute-phase response	OLS_cluster_patient_continuous_time	150	30	time_continuous:bmi_lt_18_5	-0.2760913735137785	0.18366906496900856	0.13278742834745857	fit_ok	0.8705194817897756
M01_curated_inflammatory_acute_phase	Curated inflammatory and acute-phase response	OLS_cluster_patient_categorical_week	150	30	C(visit_week_cat)[T.17]:bmi_lt_18_5	-0.13309825238382555	0.1815482469275029	0.46347986272315256	fit_ok	0.8705194817897756
M01_curated_inflammatory_acute_phase	Curated inflammatory and acute-phase response	OLS_cluster_patient_categorical_week	150	30	C(visit_week_cat)[T.26]:bmi_lt_18_5	-0.2696945169259086	0.21859101864289662	0.2172826944224343	fit_ok	0.8705194817897756
M01_curated_inflammatory_acute_phase	Curated inflammatory and acute-phase response	OLS_cluster_patient_categorical_week	150	30	C(visit_week_cat)[T.52]:bmi_lt_18_5	-0.3027247024995715	0.20418651746097488	0.13818361833661338	fit_ok	0.8705194817897756
M01_curated_inflammatory_acute_phase	Curated inflammatory and acute-phase response	OLS_cluster_patient_categorical_week	150	30	C(visit_week_cat)[T.8]:bmi_lt_18_5	-0.15302915253730726	0.16902124195052645	0.36526191263751995	fit_ok	0.8705194817897756
M02_curated_lipid_apolipoprotein_transport	Curated lipid, cholesterol and apolipoprotein transport	OLS_cluster_patient_continuous_time	150	30	time_continuous:bmi_lt_18_5	-0.024903851840455453	0.1619545041492722	0.8777905644524164	fit_ok	0.9868234744946474
M02_curated_lipid_apolipoprotein_transport	Curated lipid, cholesterol and apolipoprotein transport	OLS_cluster_patient_categorical_week	150	30	C(visit_week_cat)[T.17]:bmi_lt_18_5	-0.11032826094331248	0.1505784555333932	0.4637437471432312	fit_ok	0.8705194817897756
M02_curated_lipid_apolipoprotein_transport	Curated lipid, cholesterol and apolipoprotein transport	OLS_cluster_patient_categorical_week	150	30	C(visit_week_cat)[T.26]:bmi_lt_18_5	-0.16479899288115313	0.17206393755091343	0.3381748941492194	fit_ok	0.8705194817897756
M02_curated_lipid_apolipoprotein_transport	Curated lipid, cholesterol and apolipoprotein transport	OLS_cluster_patient_categorical_week	150	30	C(visit_week_cat)[T.52]:bmi_lt_18_5	-0.1074783567368798	0.1964948398605846	0.584393838832773	fit_ok	0.899817464367607
M02_curated_lipid_apolipoprotein_transport	Curated lipid, cholesterol and apolipoprotein transport	OLS_cluster_patient_categorical_week	150	30	C(visit_week_cat)[T.8]:bmi_lt_18_5	-0.24570769466891831	0.16431602111109223	0.13482672194574602	fit_ok	0.8705194817897756
M03a_curated_retinol_carrier_strict	Curated retinol carrier strict	OLS_cluster_patient_continuous_time	150	30	time_continuous:bmi_lt_18_5	0.13653062642369518	0.1811555945673936	0.451050419007231	fit_ok	0.8705194817897756
M03a_curated_retinol_carrier_strict	Curated retinol carrier strict	OLS_cluster_patient_categorical_week	150	30	C(visit_week_cat)[T.17]:bmi_lt_18_5	-0.2688710297372764	0.19871828799705826	0.17604729314801615	fit_ok	0.8705194817897756
M03a_curated_retinol_carrier_strict	Curated retinol carrier strict	OLS_cluster_patient_categorical_week	150	30	C(visit_week_cat)[T.26]:bmi_lt_18_5	-0.08800967359595178	0.2586973036366688	0.7337034413672969	fit_ok	0.9467809222427467
M03a_curated_retinol_carrier_strict	Curated retinol carrier strict	OLS_cluster_patient_categorical_week	150	30	C(visit_week_cat)[T.52]:bmi_lt_18_5	0.03357528470906633	0.19905140168413177	0.8660511399321116	fit_ok	0.9868234744946474
M03a_curated_retinol_carrier_strict	Curated retinol carrier strict	OLS_cluster_patient_categorical_week	150	30	C(visit_week_cat)[T.8]:bmi_lt_18_5	-0.21296837606810046	0.20874325949202543	0.30761430380124444	fit_ok	0.8705194817897756
M03b_curated_nutrition_carrier_broad	Curated nutrition carrier broad	OLS_cluster_patient_continuous_time	150	30	time_continuous:bmi_lt_18_5	0.15373735847014006	0.20176475863097032	0.44608185757593566	fit_ok	0.8705194817897756
M03b_curated_nutrition_carrier_broad	Curated nutrition carrier broad	OLS_cluster_patient_categorical_week	150	30	C(visit_week_cat)[T.17]:bmi_lt_18_5	-0.11934151980524277	0.16699427228545866	0.47482880824896845	fit_ok	0.8705194817897756
M03b_curated_nutrition_carrier_broad	Curated nutrition carrier broad	OLS_cluster_patient_categorical_week	150	30	C(visit_week_cat)[T.26]:bmi_lt_18_5	-0.020961919660884114	0.18920577513454015	0.9117836640220078	fit_ok	0.9868234744946474
M03b_curated_nutrition_carrier_broad	Curated nutrition carrier broad	OLS_cluster_patient_categorical_week	150	30	C(visit_week_cat)[T.52]:bmi_lt_18_5	0.08164999634005718	0.2314000866774301	0.7241993555369226	fit_ok	0.9467809222427467
M03b_curated_nutrition_carrier_broad	Curated nutrition carrier broad	OLS_cluster_patient_categorical_week	150	30	C(visit_week_cat)[T.8]:bmi_lt_18_5	-0.149464121606043	0.18135241156398807	0.4098464021544479	fit_ok	0.8705194817897756
M05_curated_complement_coagulation	Curated complement, coagulation and hemostasis	OLS_cluster_patient_continuous_time	150	30	time_continuous:bmi_lt_18_5	-0.11819662931201953	0.17860312634532596	0.5081098843215954	fit_ok	0.8733138636777421
M05_curated_complement_coagulation	Curated complement, coagulation and hemostasis	OLS_cluster_patient_categorical_week	150	30	C(visit_week_cat)[T.17]:bmi_lt_18_5	0.04516889926321905	0.15776094453104944	0.7746389363804291	fit_ok	0.9467809222427467
M05_curated_complement_coagulation	Curated complement, coagulation and hemostasis	OLS_cluster_patient_categorical_week	150	30	C(visit_week_cat)[T.26]:bmi_lt_18_5	-0.024686401132994112	0.18801469924172298	0.8955376925568181	fit_ok	0.9868234744946474
M05_curated_complement_coagulation	Curated complement, coagulation and hemostasis	OLS_cluster_patient_categorical_week	150	30	C(visit_week_cat)[T.52]:bmi_lt_18_5	-0.09721993224991711	0.2095019867350012	0.6426100926840311	fit_ok	0.9300935552005714
M05_curated_complement_coagulation	Curated complement, coagulation and hemostasis	OLS_cluster_patient_categorical_week	150	30	C(visit_week_cat)[T.8]:bmi_lt_18_5	0.024893382768074054	0.15619459073352296	0.8733740906056713	fit_ok	0.9868234744946474
M06_curated_ecm_vascular_repair	Curated ECM, vascular biology and tissue repair	OLS_cluster_patient_continuous_time	150	30	time_continuous:bmi_lt_18_5	-0.11089475951600214	0.18124308840759196	0.540632712308856	fit_ok	0.8984528233183101
M06_curated_ecm_vascular_repair	Curated ECM, vascular biology and tissue repair	OLS_cluster_patient_categorical_week	150	30	C(visit_week_cat)[T.17]:bmi_lt_18_5	-0.002957590745667972	0.20287457827476335	0.9883685160204294	fit_ok	0.9961613458645125
M06_curated_ecm_vascular_repair	Curated ECM, vascular biology and tissue repair	OLS_cluster_patient_categorical_week	150	30	C(visit_week_cat)[T.26]:bmi_lt_18_5	-0.08597134538574337	0.18374353979677016	0.6398648876181083	fit_ok	0.9300935552005714
M06_curated_ecm_vascular_repair	Curated ECM, vascular biology and tissue repair	OLS_cluster_patient_categorical_week	150	30	C(visit_week_cat)[T.52]:bmi_lt_18_5	-0.08887430202446478	0.21630012364963183	0.681157452699936	fit_ok	0.9467809222427467
M06_curated_ecm_vascular_repair	Curated ECM, vascular biology and tissue repair	OLS_cluster_patient_categorical_week	150	30	C(visit_week_cat)[T.8]:bmi_lt_18_5	0.01522067061951932	0.1810366522534969	0.9329967395222121	fit_ok	0.9868234744946474
M08_curated_lysosome_autophagy_proxy	Curated lysosome, autophagy and xenophagy proxy	OLS_cluster_patient_continuous_time	150	30	time_continuous:bmi_lt_18_5	0.08898025840143194	0.12307948963781808	0.469710896004353	fit_ok	0.8705194817897756
M08_curated_lysosome_autophagy_proxy	Curated lysosome, autophagy and xenophagy proxy	OLS_cluster_patient_categorical_week	150	30	C(visit_week_cat)[T.17]:bmi_lt_18_5	-0.11717095870250627	0.11818500621716148	0.32148062155481105	fit_ok	0.8705194817897756
M08_curated_lysosome_autophagy_proxy	Curated lysosome, autophagy and xenophagy proxy	OLS_cluster_patient_categorical_week	150	30	C(visit_week_cat)[T.26]:bmi_lt_18_5	0.08591969114581989	0.15901420018517123	0.5889714312224337	fit_ok	0.899817464367607
M08_curated_lysosome_autophagy_proxy	Curated lysosome, autophagy and xenophagy proxy	OLS_cluster_patient_categorical_week	150	30	C(visit_week_cat)[T.52]:bmi_lt_18_5	0.004504741991594375	0.13781389781060194	0.9739240802477086	fit_ok	0.9961613458645125
M08_curated_lysosome_autophagy_proxy	Curated lysosome, autophagy and xenophagy proxy	OLS_cluster_patient_categorical_week	150	30	C(visit_week_cat)[T.8]:bmi_lt_18_5	-0.13728479375710645	0.10432253919554814	0.18818584350379086	fit_ok	0.8705194817897756
M09_curated_hla_proteasome_antigen	Curated HLA, proteasome and antigen presentation	OLS_cluster_patient_continuous_time	150	30	time_continuous:bmi_lt_18_5	-0.025568891664857072	0.07968428177202995	0.7483032393307192	fit_ok	0.9467809222427467
M09_curated_hla_proteasome_antigen	Curated HLA, proteasome and antigen presentation	OLS_cluster_patient_categorical_week	150	30	C(visit_week_cat)[T.17]:bmi_lt_18_5	0.1206208781708866	0.10707939653212432	0.2599699887519583	fit_ok	0.8705194817897756
M09_curated_hla_proteasome_antigen	Curated HLA, proteasome and antigen presentation	OLS_cluster_patient_categorical_week	150	30	C(visit_week_cat)[T.26]:bmi_lt_18_5	0.1320529846511039	0.10115659220505177	0.19174601609088127	fit_ok	0.8705194817897756
M09_curated_hla_proteasome_antigen	Curated HLA, proteasome and antigen presentation	OLS_cluster_patient_categorical_week	150	30	C(visit_week_cat)[T.52]:bmi_lt_18_5	0.027740904937923343	0.09301399964913828	0.7655166330856867	fit_ok	0.9467809222427467
M09_curated_hla_proteasome_antigen	Curated HLA, proteasome and antigen presentation	OLS_cluster_patient_categorical_week	150	30	C(visit_week_cat)[T.8]:bmi_lt_18_5	0.15413949561889276	0.11562949757756026	0.18251654859725963	fit_ok	0.8705194817897756
M11_curated_metal_nutritional_immunity	Curated metal handling and nutritional immunity	OLS_cluster_patient_continuous_time	150	30	time_continuous:bmi_lt_18_5	-0.23240394314312768	0.20162218174049598	0.249045649898753	fit_ok	0.8705194817897756
M11_curated_metal_nutritional_immunity	Curated metal handling and nutritional immunity	OLS_cluster_patient_categorical_week	150	30	C(visit_week_cat)[T.17]:bmi_lt_18_5	-0.18935504984156185	0.21629305532264162	0.3813258490914698	fit_ok	0.8705194817897756
M11_curated_metal_nutritional_immunity	Curated metal handling and nutritional immunity	OLS_cluster_patient_categorical_week	150	30	C(visit_week_cat)[T.26]:bmi_lt_18_5	-0.3123002692511226	0.2591748443321382	0.2282113724255529	fit_ok	0.8705194817897756
M11_curated_metal_nutritional_immunity	Curated metal handling and nutritional immunity	OLS_cluster_patient_categorical_week	150	30	C(visit_week_cat)[T.52]:bmi_lt_18_5	-0.2624804794706114	0.24914019942871593	0.29209115626259785	fit_ok	0.8705194817897756
M11_curated_metal_nutritional_immunity	Curated metal handling and nutritional immunity	OLS_cluster_patient_categorical_week	150	30	C(visit_week_cat)[T.8]:bmi_lt_18_5	-0.1623558363290324	0.20379067296979947	0.42563723582962854	fit_ok	0.8705194817897756
M12_curated_vitaminD_AMP_humoral	Curated vitamin D, antimicrobial peptide and humoral proxy	OLS_cluster_patient_continuous_time	150	30	time_continuous:bmi_lt_18_5	0.2233907734211207	0.14434577516805333	0.12171654224218857	fit_ok	0.8705194817897756
M12_curated_vitaminD_AMP_humoral	Curated vitamin D, antimicrobial peptide and humoral proxy	OLS_cluster_patient_categorical_week	150	30	C(visit_week_cat)[T.17]:bmi_lt_18_5	0.08141534073887632	0.10423298538373697	0.43474957323189944	fit_ok	0.8705194817897756
M12_curated_vitaminD_AMP_humoral	Curated vitamin D, antimicrobial peptide and humoral proxy	OLS_cluster_patient_categorical_week	150	30	C(visit_week_cat)[T.26]:bmi_lt_18_5	0.07284358232723905	0.12353132140483959	0.5554071998695008	fit_ok	0.8984528233183101
M12_curated_vitaminD_AMP_humoral	Curated vitamin D, antimicrobial peptide and humoral proxy	OLS_cluster_patient_categorical_week	150	30	C(visit_week_cat)[T.52]:bmi_lt_18_5	0.22162817186900546	0.15566903789203465	0.15452931050780275	fit_ok	0.8705194817897756
M12_curated_vitaminD_AMP_humoral	Curated vitamin D, antimicrobial peptide and humoral proxy	OLS_cluster_patient_categorical_week	150	30	C(visit_week_cat)[T.8]:bmi_lt_18_5	0.010929168227676542	0.11120263943993894	0.9217087249338657	fit_ok	0.9868234744946474
M13_curated_endocrine_immunometabolic	Curated endocrine and systemic immunometabolic signalling	OLS_cluster_patient_continuous_time	150	30	time_continuous:bmi_lt_18_5	-0.0007265004151253349	0.1510063704668956	0.9961613458645125	fit_ok	0.9961613458645125
M13_curated_endocrine_immunometabolic	Curated endocrine and systemic immunometabolic signalling	OLS_cluster_patient_categorical_week	150	30	C(visit_week_cat)[T.17]:bmi_lt_18_5	-0.20283305794539905	0.13103973937029403	0.12165253926587179	fit_ok	0.8705194817897756
M13_curated_endocrine_immunometabolic	Curated endocrine and systemic immunometabolic signalling	OLS_cluster_patient_categorical_week	150	30	C(visit_week_cat)[T.26]:bmi_lt_18_5	-0.10117821595814577	0.15148670480389753	0.5041963915095301	fit_ok	0.8733138636777421
M13_curated_endocrine_immunometabolic	Curated endocrine and systemic immunometabolic signalling	OLS_cluster_patient_categorical_week	150	30	C(visit_week_cat)[T.52]:bmi_lt_18_5	-0.052850617705681786	0.17289527428052562	0.7598483454361452	fit_ok	0.9467809222427467
M13_curated_endocrine_immunometabolic	Curated endocrine and systemic immunometabolic signalling	OLS_cluster_patient_categorical_week	150	30	C(visit_week_cat)[T.8]:bmi_lt_18_5	-0.11533035060234346	0.14349544137322415	0.42155791806097376	fit_ok	0.8705194817897756
